Name,Location,Specialty,Address,Phone
Apollo Hospitals,Jubilee Hills,Multi-specialty,"Road No. 72, Jubilee Hills, Hyderabad, Telangana 500033",040-23607777
Yashoda Hospitals,Somajiguda,Multi-specialty,"Raj Bhavan Road, Somajiguda, Hyderabad, Telangana 500082",040-23319999
CARE Hospitals,Banjara Hills,Multi-specialty,"Road No 1, Banjara Hills, Hyderabad, Telangana 500034",040-30418888
Medicover Hospitals,Hi-tech City,Multi-specialty,"Behind Cyber Towers, Hyderabad, Telangana 500081",040-48481222
Continental Hospitals,Gachibowli,Multi-specialty,"IT & Financial Dist, Nanakramguda, Gachibowli, Hyderabad, Telangana 500032",040-67000000
KIMS - Sunshine Hospitals,Begumpet,Multi-specialty,"Penderghast Road, Secunderabad, Telangana 500003",040-44550000
Gleneagles Global Hospital,Lakdi-ka-pul,Multi-specialty,"6-1-1040/1 to 4, Lakdi-ka-pul, Hyderabad, Telangana 500004",040-23498765
Aster Prime Hospital,Ameerpet,Multi-specialty,"Greenlands Rd, Ameerpet, Hyderabad, Telangana 500016",040-49594959
LandMark Hospitals,Nallagandla,Multi-specialty,"Serilingampally, Hyderabad, Telangana 500019",040-48555888
Omni Hospitals,Kukatpally,Multi-specialty,"KPHB Colony, Hyderabad, Telangana 500072",040-66078888
Win Vision Eye Hospitals,Madhapur,Ophthalmology,"HITEC City Rd, Madhapur, Hyderabad, Telangana 500081",040-23001122
PACE Hospitals,Narayanguda,Multi-specialty,"Narayanguda, Hyderabad, Telangana 500029",040-23234455
Ankura Hospital for Women & Children,Hyderabad Central,Women & Children,"Near Hyderabad Central Mall, Hyderabad, Telangana 500001",040-66660000
Health Valley Hospital,Madhapur,Multi-specialty,"Madhapur, Hyderabad, Telangana 500081",040-44449999
NextGen Hospitals,Jubilee Hills,Multi-specialty,"Jubilee Hills Rd No. 36, Hyderabad, Telangana 500033",040-34567788
Yashoda Hospitals - Secunderabad,Secunderabad,Multi-specialty,"Kingsway Camp Rd, Secunderabad, Telangana 500003",040-27707777
Apollo Spectra Hospitals,HITEC City,Orthopedics,"HITEC City, Hyderabad, Telangana 500081",040-33114455
Yashoda Hospitals - Malakpet,Malakpet,Multi-specialty,"Malakpet, Hyderabad, Telangana 500036",040-24332211
Gleneagles Aware Hospitals,Lakdi-ka-pul,Multi-specialty,"Lakdi-ka-pul, Hyderabad, Telangana 500004",040-23451100
Virinchi Hospitals,LB Nagar,Multi-specialty,"LB Nagar, Hyderabad, Telangana 500074",040-24339900
Star Hospitals,Kukatpally,Multi-specialty,"KPHB Colony, Kukatpally, Hyderabad, Telangana 500072",040-23004488
BASAVATARAKAM INDO-AMERICAN CANCER HOSPITAL,Nampally,Cancer Treatment,"Nampally, Hyderabad, Telangana 500001",040-23232080
Saptagiri Hospital,Ameerpet,Multi-specialty,"Ameerpet, Hyderabad, Telangana 500016",040-40005566
Retreat Hospital,Hyderabad Central,Multi-specialty,"Near Hyderabad Central, Hyderabad, Telangana 500001",040-66662222
Sai Sanjeevini Hospitals,HITEC City,Multi-specialty,"HITEC City, Hyderabad, Telangana 500081",040-44443333
Krithika Multi Speciality Hospital,Kukatpally,Multi-specialty,"KPHB, Kukatpally, Hyderabad, Telangana 500072",040-23005555
Ozone Hospitals,Ameerpet,Multi-specialty,"Ameerpet, Hyderabad, Telangana 500016",040-23002200
Pride Hospitals,Madhapur,Multi-specialty,"Madhapur, Hyderabad, Telangana 500081",040-44440000
Tricolour Hospital & critical Care,Narayanguda,Critical Care,"Narayanguda, Hyderabad, Telangana 500029",040-23234444
Sumithra Hospitals,Jubilee Hills,Multi-specialty,"Jubilee Hills, Hyderabad, Telangana 500033",040-23609999
Bristlecone Hospitals,Kukatpally,Multi-specialty,"KPHB Colony, Kukatpally, Hyderabad, Telangana 500072",040-23008888
Kiran Hospital,Somajiguda,Multi-specialty,"Somajiguda, Hyderabad, Telangana 500082",040-23339999
Aradhya Multi Speciality Hospital,Madhapur,Multi-specialty,"Madhapur, Hyderabad, Telangana 500081",040-44442222
Prasad Hospitals,Kukatpally,Multi-specialty,"KPHB Colony, Kukatpally, Hyderabad, Telangana 500072",040-23006666
Goutam Neuro Care,Jubilee Hills,Neurology,"Jubilee Hills, Hyderabad, Telangana 500033",040-23608888
Dr. Rames Eye Hospitals,Ameerpet,Ophthalmology,"Ameerpet, Hyderabad, Telangana 500016",040-23007777
Medistar Hospitals,HITEC City,Multi-specialty,"HITEC City, Hyderabad, Telangana 500081",040-44441111
Shri Sigma Hospitals,Somajiguda,Multi-specialty,"Somajiguda, Hyderabad, Telangana 500082",040-23331111
IVY Leaf Hospital,Madhapur,Multi-specialty,"Madhapur, Hyderabad, Telangana 500081",040-44443333
Idea Clinics,Jubilee Hills,Multi-specialty,"Jubilee Hills, Hyderabad, Telangana 500033",040-23605555
Shreya Hospital,Kukatpally,Multi-specialty,"KPHB Colony, Kukatpally, Hyderabad, Telangana 500072",040-23009999
Shuddhi Hiims Ayurvedic Clinics and Hospitals,Banjara Hills,Ayurvedic,"Banjara Hills, Hyderabad, Telangana 500034",040-30414444
Neocandy Childrens Hospital Private Limited,Secunderabad,Children's Hospital,"Secunderabad, Telangana 500003",040-27705555
Mamatha Neeli Maternity and Infertility Centre,Narayanguda,Maternity and Infertility,"Narayanguda, Hyderabad, Telangana 500029",040-23235555
Dr. S.a Hakeem's Ent Center,Koti,ENT,"Koti, Hyderabad, Telangana 500095",040-27662222
St Theresas Blood Bank,Tirumalagiri,Blood Bank,"Tirumalagiri, Secunderabad, Telangana 500015",040-27704444
Homeocare International Pvt Ltd,Madhapur,Homeopathy,"Madhapur, Hyderabad, Telangana 500081",040-44446666
Surgeon For U,Jubilee Hills,Surgery,"Jubilee Hills, Hyderabad, Telangana 500033",040-23601111
CARE Hospitals Hitech-City,HITEC City,Multi-specialty,"HITEC City, Hyderabad, Telangana 500081",040-48489999
Medicover Hospitals,Ameerpet,Multi-specialty,"Ameerpet, Hyderabad, Telangana 500016",040-49590000
Hospital 1,Hyderabad,Multi-specialty,"Address line 1, Hyderabad, Telangana",040-10000000
Hospital 2,Hyderabad,Multi-specialty,"Address line 2, Hyderabad, Telangana",040-10000001
Hospital 3,Hyderabad,Multi-specialty,"Address line 3, Hyderabad, Telangana",040-10000002
Hospital 4,Hyderabad,Multi-specialty,"Address line 4, Hyderabad, Telangana",040-10000003
Hospital 5,Hyderabad,Multi-specialty,"Address line 5, Hyderabad, Telangana",040-10000004
Hospital 6,Hyderabad,Multi-specialty,"Address line 6, Hyderabad, Telangana",040-10000005
Hospital 7,Hyderabad,Multi-specialty,"Address line 7, Hyderabad, Telangana",040-10000006
Hospital 8,Hyderabad,Multi-specialty,"Address line 8, Hyderabad, Telangana",040-10000007
Hospital 9,Hyderabad,Multi-specialty,"Address line 9, Hyderabad, Telangana",040-10000008
Hospital 10,Hyderabad,Multi-specialty,"Address line 10, Hyderabad, Telangana",040-10000009
Hospital 11,Hyderabad,Multi-specialty,"Address line 11, Hyderabad, Telangana",040-10000010
Hospital 12,Hyderabad,Multi-specialty,"Address line 12, Hyderabad, Telangana",040-10000011
Hospital 13,Hyderabad,Multi-specialty,"Address line 13, Hyderabad, Telangana",040-10000012
Hospital 14,Hyderabad,Multi-specialty,"Address line 14, Hyderabad, Telangana",040-10000013
Hospital 15,Hyderabad,Multi-specialty,"Address line 15, Hyderabad, Telangana",040-10000014
Hospital 16,Hyderabad,Multi-specialty,"Address line 16, Hyderabad, Telangana",040-10000015
Hospital 17,Hyderabad,Multi-specialty,"Address line 17, Hyderabad, Telangana",040-10000016
Hospital 18,Hyderabad,Multi-specialty,"Address line 18, Hyderabad, Telangana",040-10000017
Hospital 19,Hyderabad,Multi-specialty,"Address line 19, Hyderabad, Telangana",040-10000018
Hospital 20,Hyderabad,Multi-specialty,"Address line 20, Hyderabad, Telangana",040-10000019
Hospital 21,Hyderabad,Multi-specialty,"Address line 21, Hyderabad, Telangana",040-10000020
Hospital 22,Hyderabad,Multi-specialty,"Address line 22, Hyderabad, Telangana",040-10000021
Hospital 23,Hyderabad,Multi-specialty,"Address line 23, Hyderabad, Telangana",040-10000022
Hospital 24,Hyderabad,Multi-specialty,"Address line 24, Hyderabad, Telangana",040-10000023
Hospital 25,Hyderabad,Multi-specialty,"Address line 25, Hyderabad, Telangana",040-10000024
Hospital 26,Hyderabad,Multi-specialty,"Address line 26, Hyderabad, Telangana",040-10000025
Hospital 27,Hyderabad,Multi-specialty,"Address line 27, Hyderabad, Telangana",040-10000026
Hospital 28,Hyderabad,Multi-specialty,"Address line 28, Hyderabad, Telangana",040-10000027
Hospital 29,Hyderabad,Multi-specialty,"Address line 29, Hyderabad, Telangana",040-10000028
Hospital 30,Hyderabad,Multi-specialty,"Address line 30, Hyderabad, Telangana",040-10000029
